transaction_id,client_id,description,amount,date,transaction_type,category,clean_description
TXN776647,C0280,amazon pay,36828.83,23-11-2025,Debit,Others,amazon pay
TXN588509,C0102,mall purchase 28757,25277.66,28-01-2024,Debit,Others,mall purchase
TXN732053,C0217,investment txn,37945.19,12-06-2024,Debit,Others,investment txn
TXN101415,C0184,HOTSTAR,5128.47,24-01-2025,debit,Others,hotstar
TXN082628,C0283,gaming purchase 60317,6258.81,22-01-2025,DR,Others,gaming purchase
TXN238969,C0149,monthly salary,31006.0,08-11-2025,Credit,Others,monthly salary
TXN170556,C0190,FLIPKART*,31791.51,08-01-2025,debit,Others,flipkart
TXN665823,C0088,spotify,32408.81,15-09-2025,DR,Others,spotify
TXN717871,C0167,SIP DEBIT,34414.33,12-08-2024,DR,Others,sip debit
TXN957493,C0291,zomato payment,13401.69,04-08-2024,debit,Others,zomato payment
TXN146414,C0127,spotify,22953.42,28-09-2024,DR,Others,spotify
TXN145052,C0261,stock purchase,19982.04,12-08-2024,DR,Others,stock purchase
TXN442667,C0033,makemytrip,31379.75,27-11-2025,Debit,Others,makemytrip
TXN713329,C0059,lab test,48554.5,12-01-2024,debit,Others,lab test
TXN003403,C0135,stock purchase,21749.57,09-04-2025,debit,Others,stock purchase
TXN638552,C0102,SIP debit 82059,42086.63,03-06-2025,debit,Others,sip debit
TXN339903,C0251,RAPIDO,45926.3,05-09-2025,DR,Others,rapido
TXN920660,C0291,SWIGGY ORD,11987.83,03-09-2024,debit,Others,swiggy ord
TXN691799,C0244,amazon pay,38296.4,11-05-2024,DR,Others,amazon pay
TXN791953,C0103,SIP debit,48218.86,06-07-2025,debit,Others,sip debit
TXN473418,C0062,payroll transfer,82422.0,13-06-2025,Credit,Others,payroll transfer
TXN074442,C0031,WATER-PAY 72703,29430.24,08-01-2024,Debit,Others,water pay
TXN701475,C0249,electricity bill,25717.52,12-10-2024,Debit,Others,electricity bill
TXN822734,C0243,MOBILE RECHARGE,28819.06,05-09-2024,DR,Others,mobile recharge
TXN905799,C0028,MEDPLUS,21190.46,23-04-2025,debit,Others,medplus
TXN562337,C0230,amazon pay,12447.84,13-07-2024,Debit,Others,amazon pay
TXN102665,C0026,FUEL STATION,22167.67,17-07-2025,Debit,Others,fuel station
TXN504741,C0110,mutual fund,8332.23,12-05-2025,Debit,Others,mutual fund
TXN299106,C0217,APOLLO PHARMACY 51273,46327.37,10-04-2025,debit,Others,apollo pharmacy
TXN063919,C0161,INVESTMENT TXN,28967.43,09-07-2025,Debit,Others,investment txn
TXN084003,C0096,SWIGGY ORD,7888.49,04-06-2025,DR,Others,swiggy ord
TXN258176,C0297,MALL PURCHASE,6011.93,06-08-2025,debit,Others,mall purchase
TXN980111,C0134,insurance premium,28270.04,19-11-2024,DR,Others,insurance premium
TXN331536,C0038,gas bill,32282.13,13-04-2025,DR,Others,gas bill
TXN530459,C0136,hotel bill,3681.57,06-08-2024,Debit,Others,hotel bill
TXN874245,C0279,RAPIDO,14263.67,24-03-2025,debit,Others,rapido
TXN984540,C0069,salary credit,111951.0,16-04-2024,Credit,Others,salary credit
TXN295443,C0108,salary credit,45374.0,05-10-2024,Credit,Others,salary credit
TXN096782,C0217,spotify,24436.82,22-02-2024,DR,Others,spotify
TXN169431,C0227,SALARY CREDIT,108507.0,25-09-2024,Credit,Others,salary credit
TXN610806,C0283,investment txn 90673,27288.6,13-01-2025,Debit,Others,investment txn
TXN715199,C0128,FUEL STATION,44948.25,03-08-2024,Debit,Others,fuel station
TXN970734,C0122,myntra order,48692.37,07-06-2024,debit,Others,myntra order
TXN841205,C0128,ola ride 96642,39123.68,25-02-2025,debit,Others,ola ride
TXN209268,C0236,SAL CR 5175,86694.0,15-08-2024,Credit,Others,sal cr
TXN417822,C0169,hotstar,1202.75,16-07-2024,Debit,Others,hotstar
TXN419094,C0275,salary credit,109080.0,05-06-2025,Credit,Others,salary credit
TXN040116,C0056,NETFLIX,29037.87,28-09-2024,Debit,Others,netflix
TXN121264,C0198,policy payment,30318.32,07-06-2025,debit,Others,policy payment
TXN720222,C0101,insurance premium,26005.62,05-07-2025,Debit,Others,insurance premium
TXN889209,C0064,MOVIE TICKET,31165.31,10-11-2025,debit,Others,movie ticket
TXN581344,C0066,monthly salary,116384.0,29-10-2024,Credit,Others,monthly salary
TXN596751,C0155,broadband recharge,45142.22,22-09-2025,DR,Others,broadband recharge
TXN487576,C0227,apollo pharmacy,30340.95,25-11-2024,DR,Others,apollo pharmacy
TXN297572,C0264,goibibo,8501.18,27-03-2024,DR,Others,goibibo
TXN845743,C0102,POLICY PAYMENT,33646.33,18-08-2024,Debit,Others,policy payment
TXN477539,C0213,UBER TRIP,42489.89,15-03-2024,DR,Others,uber trip
TXN721025,C0003,insurance premium,12214.34,02-11-2025,debit,Others,insurance premium
TXN584483,C0128,AJIO txn,25907.53,21-02-2024,DR,Others,ajio txn
TXN332712,C0227,AJIO TXN,49394.86,01-09-2025,DR,Others,ajio txn
TXN779780,C0244,LIC premium,22306.76,11-06-2024,DR,Others,lic premium
TXN508137,C0123,flight booking,38295.37,17-06-2025,debit,Others,flight booking
TXN335240,C0277,PAYROLL TRANSFER,60614.0,09-12-2024,Credit,Others,payroll transfer
TXN435021,C0209,FLIPKART*,35326.83,06-03-2024,Debit,Others,flipkart
TXN992018,C0011,gaming purchase 55169,45243.83,21-08-2025,debit,Others,gaming purchase
TXN564366,C0280,policy payment,37678.69,05-03-2025,debit,Others,policy payment
TXN701365,C0208,insurance premium,1470.66,10-12-2024,debit,Others,insurance premium
TXN620645,C0289,fuel station,1367.78,07-02-2025,DR,Others,fuel station
TXN343255,C0109,SWIGGY ORD 60615,2533.23,23-01-2025,Debit,Others,swiggy ord
TXN264526,C0042,flight booking,37605.45,07-03-2025,debit,Others,flight booking
TXN042214,C0016,makemytrip 45970,32514.2,29-10-2025,Debit,Others,makemytrip
TXN119947,C0289,WATER-PAY,6328.52,16-11-2025,Debit,Others,water pay
TXN815574,C0084,broadband recharge,30302.52,27-04-2024,Debit,Others,broadband recharge
TXN952135,C0193,salary credit,100470.0,24-11-2025,Credit,Others,salary credit
TXN810005,C0155,MEDPLUS,12157.61,14-12-2025,DR,Others,medplus
TXN693656,C0190,insurance premium,17373.24,14-03-2025,Debit,Others,insurance premium
TXN666460,C0236,mall purchase 55157,5294.83,05-01-2025,debit,Others,mall purchase
TXN812271,C0248,FUEL STATION,13518.72,05-07-2025,DR,Others,fuel station
TXN292478,C0231,hotel booking,42588.62,29-03-2024,debit,Others,hotel booking
TXN190673,C0250,broadband recharge,1454.43,28-11-2024,debit,Others,broadband recharge
TXN582790,C0006,gas bill,35065.16,09-10-2024,DR,Others,gas bill
TXN724157,C0244,SIP DEBIT,27767.71,03-09-2024,debit,Others,sip debit
TXN696213,C0298,hotel booking 29145,34595.52,09-11-2024,debit,Others,hotel booking
TXN736997,C0233,movie ticket,27528.42,26-12-2024,DR,Others,movie ticket
TXN778968,C0275,monthly salary 25342,66359.0,02-05-2024,Credit,Others,monthly salary
TXN625781,C0145,ola ride,29487.55,21-06-2025,DR,Others,ola ride
TXN132732,C0141,FLIPKART*,727.14,30-06-2025,debit,Others,flipkart
TXN107571,C0007,SWIGGY ORD,31900.73,17-05-2025,Debit,Others,swiggy ord
TXN986777,C0245,policy payment,48275.57,15-09-2024,Debit,Others,policy payment
TXN850545,C0289,amazon pay 82602,2699.38,01-06-2024,DR,Others,amazon pay
TXN829152,C0116,salary credit 54648,104471.0,02-09-2025,Credit,Others,salary credit
TXN596252,C0031,investment txn,49501.76,08-11-2024,DR,Others,investment txn
TXN085132,C0081,LIC PREMIUM,10567.04,07-11-2025,DR,Others,lic premium
TXN492739,C0150,WATER-PAY,22536.18,31-08-2025,debit,Others,water pay
TXN968791,C0136,zomato payment,3577.56,27-08-2024,debit,Others,zomato payment
TXN156227,C0137,LIC premium,27237.23,25-10-2025,Debit,Others,lic premium
TXN965941,C0148,UBER TRIP,37452.91,05-08-2025,DR,Others,uber trip
TXN566212,C0253,makemytrip,47134.96,27-05-2025,debit,Others,makemytrip
TXN027122,C0047,makemytrip,16129.63,13-09-2024,DR,Others,makemytrip
TXN493356,C0266,mobile recharge 88217,28820.82,28-06-2024,debit,Others,mobile recharge
TXN492842,C0179,FLIGHT BOOKING,40715.96,03-04-2024,DR,Others,flight booking
TXN302219,C0206,hospital fee 21179,20594.02,22-05-2025,debit,Others,hospital fee
TXN906925,C0264,mutual fund,5813.76,17-02-2025,debit,Others,mutual fund
TXN655789,C0227,restaurant txn 68052,31139.24,25-05-2025,debit,Others,restaurant txn
TXN127325,C0015,zomato payment 37852,44044.71,11-05-2025,debit,Others,zomato payment
TXN235616,C0059,insurance premium,27621.53,05-04-2024,Debit,Others,insurance premium
TXN286707,C0213,makemytrip,14607.24,23-12-2025,DR,Others,makemytrip
TXN532930,C0070,hotel booking,9546.71,05-09-2025,debit,Others,hotel booking
TXN280151,C0002,myntra order,46713.73,03-06-2025,debit,Others,myntra order
TXN907292,C0077,monthly salary,111499.0,16-05-2025,Credit,Others,monthly salary
TXN911844,C0097,hotel booking,18872.96,25-11-2024,DR,Others,hotel booking
TXN739486,C0196,mobile recharge,2201.49,29-04-2025,debit,Others,mobile recharge
TXN916656,C0226,medplus 65936,16613.1,12-04-2024,DR,Others,medplus
TXN078464,C0241,mall purchase 18994,43549.23,07-06-2024,debit,Others,mall purchase
TXN893745,C0274,monthly salary,35527.0,02-12-2024,Credit,Others,monthly salary
TXN647454,C0036,hospital fee,43621.7,06-02-2024,debit,Others,hospital fee
TXN738084,C0052,gas bill,48917.32,10-10-2025,debit,Others,gas bill
TXN307619,C0184,goibibo,16232.25,27-02-2024,Debit,Others,goibibo
TXN178241,C0090,MOVIE TICKET,34096.38,03-07-2024,DR,Others,movie ticket
TXN150070,C0119,mall purchase,24893.41,20-08-2025,Debit,Others,mall purchase
TXN573150,C0081,flight booking,45062.45,24-11-2025,debit,Others,flight booking
TXN723847,C0129,AJIO txn,31954.16,10-03-2025,debit,Others,ajio txn
TXN599705,C0184,FLIGHT BOOKING,5350.53,25-01-2025,debit,Others,flight booking
TXN593420,C0026,policy payment,19802.37,09-01-2024,DR,Others,policy payment
TXN636554,C0181,LIC premium,38791.53,23-08-2024,debit,Others,lic premium
TXN879061,C0071,WATER-PAY,38378.19,28-11-2025,DR,Others,water pay
TXN094512,C0152,amazon pay,18255.76,14-05-2024,DR,Others,amazon pay
TXN870814,C0085,MOVIE TICKET 70801,26552.0,06-10-2024,debit,Others,movie ticket
TXN491082,C0039,payroll transfer,69396.0,27-04-2024,Credit,Others,payroll transfer
TXN383543,C0047,ola ride,48364.14,24-07-2025,debit,Others,ola ride
TXN612956,C0196,apollo pharmacy 48411,37455.6,25-09-2024,DR,Others,apollo pharmacy
TXN343940,C0114,netflix,44214.06,28-07-2025,DR,Others,netflix
TXN992228,C0020,AJIO txn,5851.46,16-02-2024,debit,Others,ajio txn
TXN407525,C0233,PAYROLL TRANSFER,95457.0,18-05-2024,Credit,Others,payroll transfer
TXN103832,C0251,gaming purchase,44272.98,01-11-2025,Debit,Others,gaming purchase
TXN466298,C0121,policy payment,18539.09,30-03-2025,DR,Others,policy payment
TXN289283,C0098,netflix,17946.52,11-02-2025,DR,Others,netflix
TXN053036,C0171,AJIO TXN,29865.36,22-01-2024,DR,Others,ajio txn
TXN852548,C0120,WATER-PAY,10373.73,09-08-2024,DR,Others,water pay
TXN136307,C0277,spotify,42923.14,28-05-2024,debit,Others,spotify
TXN375645,C0122,SAL CR,42275.0,16-01-2024,Credit,Others,sal cr
TXN119170,C0033,POLICY PAYMENT,37091.07,22-06-2025,Debit,Others,policy payment
TXN991341,C0023,hotel booking,22611.23,14-08-2024,Debit,Others,hotel booking
TXN446981,C0056,stock purchase,49929.37,15-02-2025,Debit,Others,stock purchase
TXN654645,C0300,HOTEL BOOKING 79830,3302.8,08-10-2024,Debit,Others,hotel booking
TXN451097,C0051,stock purchase,22696.7,11-09-2025,debit,Others,stock purchase
TXN355396,C0233,mall purchase,44406.79,27-02-2025,debit,Others,mall purchase
TXN999915,C0079,lab test,33262.09,18-01-2025,debit,Others,lab test
TXN851202,C0067,MAKEMYTRIP 56706,37234.56,16-01-2025,Debit,Others,makemytrip
TXN370775,C0217,mutual fund,33507.26,24-02-2025,debit,Others,mutual fund
TXN688638,C0247,DOMINOS#,25380.48,07-06-2024,DR,Others,dominos
TXN237145,C0220,electricity bill,38135.03,10-08-2025,Debit,Others,electricity bill
TXN286545,C0159,mutual fund,13387.04,03-07-2024,DR,Others,mutual fund
TXN148767,C0016,HOTSTAR,32874.08,12-03-2024,DR,Others,hotstar
TXN756649,C0167,mall purchase,7887.32,15-11-2024,debit,Others,mall purchase
TXN285321,C0227,LIC PREMIUM 20732,2507.13,24-03-2024,DR,Others,lic premium
TXN361940,C0221,lab test,37752.06,26-04-2024,Debit,Others,lab test
TXN231231,C0203,myntra order,33363.29,16-02-2024,DR,Others,myntra order
TXN303508,C0168,INSURANCE PREMIUM,38372.13,18-09-2024,Debit,Others,insurance premium
TXN241289,C0257,amazon pay,19022.77,21-12-2025,Debit,Others,amazon pay
TXN965909,C0040,STOCK PURCHASE,21822.26,15-04-2025,Debit,Others,stock purchase
TXN424708,C0011,gaming purchase,20896.34,27-04-2024,DR,Others,gaming purchase
TXN457926,C0055,spotify,45990.09,31-03-2024,DR,Others,spotify
TXN232336,C0171,broadband recharge,43528.81,13-12-2024,debit,Others,broadband recharge
TXN368155,C0076,UBER TRIP 66940,45298.02,23-12-2024,Debit,Others,uber trip
TXN079014,C0091,ELECTRICITY BILL,7660.43,02-11-2025,DR,Others,electricity bill
TXN674226,C0166,hotel booking,34063.05,01-08-2025,debit,Others,hotel booking
TXN620149,C0029,spotify,15154.97,08-10-2024,DR,Others,spotify
TXN080459,C0047,GAMING PURCHASE,2863.36,20-10-2024,Debit,Others,gaming purchase
TXN471580,C0293,LIC premium,47712.49,12-02-2024,DR,Others,lic premium
TXN749015,C0044,gas bill,22537.14,17-12-2024,Debit,Others,gas bill
TXN166458,C0187,SIP DEBIT,26212.95,16-09-2025,debit,Others,sip debit
TXN678749,C0172,hotstar,29902.34,08-10-2025,DR,Others,hotstar
TXN950370,C0077,MYNTRA ORDER,12614.75,03-11-2025,debit,Others,myntra order
TXN694300,C0201,netflix 45951,48385.47,16-12-2025,debit,Others,netflix
TXN852687,C0066,IRCTC booking 73359,32181.79,02-12-2024,debit,Railway,irctc booking
TXN189020,C0110,mutual fund,931.16,12-11-2024,debit,Others,mutual fund
TXN532352,C0277,MOVIE TICKET,3876.71,13-04-2024,Debit,Others,movie ticket
TXN161746,C0084,mutual fund,6569.83,20-01-2025,DR,Others,mutual fund
TXN709218,C0122,IRCTC booking,2203.75,08-01-2025,debit,Railway,irctc booking
TXN847904,C0241,flight booking,26709.88,12-11-2024,Debit,Others,flight booking
TXN815923,C0196,gas bill,23094.77,15-10-2024,debit,Others,gas bill
TXN054715,C0247,investment txn,6937.16,13-09-2024,DR,Others,investment txn
TXN087950,C0083,gaming purchase,42561.28,18-10-2024,DR,Others,gaming purchase
TXN856376,C0231,payroll transfer 57440,37021.0,15-08-2024,Credit,Others,payroll transfer
TXN393125,C0115,netflix,11804.19,24-03-2024,debit,Others,netflix
TXN144284,C0020,DOMINOS#,16777.81,29-05-2024,DR,Others,dominos
TXN645240,C0003,payroll transfer 92576,86487.0,04-04-2025,Credit,Others,payroll transfer
TXN553409,C0217,amazon pay,47012.49,15-09-2025,DR,Others,amazon pay
TXN479319,C0033,myntra order 31352,31954.81,29-09-2025,debit,Others,myntra order
TXN305421,C0220,AJIO txn 67651,12112.07,27-05-2024,DR,Others,ajio txn
TXN548914,C0185,restaurant txn,33225.28,28-03-2024,Debit,Others,restaurant txn
TXN915755,C0241,mall purchase,27716.51,03-02-2025,DR,Others,mall purchase
TXN361552,C0124,hotel bill,17867.55,10-03-2024,Debit,Others,hotel bill
TXN853026,C0090,mall purchase,17627.91,12-12-2024,Debit,Others,mall purchase
TXN038781,C0151,hotel booking,35807.93,13-04-2025,Debit,Others,hotel booking
TXN417569,C0279,electricity bill,46669.88,11-06-2025,debit,Others,electricity bill
TXN907856,C0170,FLIGHT BOOKING,17861.57,18-02-2024,debit,Others,flight booking
TXN938096,C0198,salary credit,77431.0,26-03-2025,Credit,Others,salary credit
TXN762401,C0218,spotify,13350.7,25-03-2024,DR,Others,spotify
TXN083959,C0168,AJIO txn,14702.45,15-04-2024,DR,Others,ajio txn
TXN465472,C0180,monthly salary,46842.0,07-12-2025,Credit,Others,monthly salary
TXN670533,C0030,makemytrip,49907.57,08-10-2024,DR,Others,makemytrip
TXN149716,C0225,AJIO txn,8016.14,01-02-2024,DR,Others,ajio txn
TXN033959,C0079,ZOMATO PAYMENT,18120.29,03-08-2025,debit,Others,zomato payment
TXN417369,C0161,flight booking,6902.0,10-01-2025,DR,Others,flight booking
TXN405786,C0288,SAL CR 24485,90410.0,14-06-2025,Credit,Others,sal cr
TXN727692,C0252,myntra order,49818.33,19-10-2024,Debit,Others,myntra order
TXN849885,C0164,ELECTRICITY BILL 22730,22266.66,30-03-2024,DR,Others,electricity bill
TXN744032,C0090,netflix,42571.08,29-12-2025,debit,Others,netflix
TXN027561,C0185,gaming purchase,11852.07,20-05-2025,Debit,Others,gaming purchase
TXN068942,C0159,stock purchase,30605.18,29-03-2024,Debit,Others,stock purchase
TXN673541,C0038,lab test,3706.06,20-11-2024,DR,Others,lab test
TXN805078,C0067,hotel booking,31996.9,05-07-2024,DR,Others,hotel booking
TXN980144,C0116,apollo pharmacy,8249.56,26-11-2024,debit,Others,apollo pharmacy
TXN287783,C0065,gaming purchase,9831.17,18-07-2025,debit,Others,gaming purchase
TXN179517,C0173,salary credit,101106.0,06-06-2024,Credit,Others,salary credit
TXN682760,C0108,insurance premium 6058,38555.7,28-09-2024,DR,Others,insurance premium
TXN506405,C0126,policy payment 82303,14497.79,05-11-2024,DR,Others,policy payment
TXN487003,C0105,hospital fee,21991.48,10-05-2025,Debit,Others,hospital fee
TXN418085,C0067,GAMING PURCHASE,36715.3,19-12-2024,debit,Others,gaming purchase
TXN259962,C0073,gaming purchase,6143.65,05-04-2025,debit,Others,gaming purchase
TXN852994,C0168,amazon pay,20918.37,12-06-2024,DR,Others,amazon pay
TXN522988,C0158,LIC premium,49798.55,23-04-2025,debit,Others,lic premium
TXN611681,C0181,MAKEMYTRIP,48335.0,08-08-2024,debit,Others,makemytrip
TXN562762,C0005,SWIGGY ORD,33632.58,19-10-2024,DR,Others,swiggy ord
TXN047441,C0206,AJIO TXN,38197.56,09-01-2025,debit,Others,ajio txn
TXN472231,C0282,restaurant txn,3695.12,31-05-2025,debit,Others,restaurant txn
TXN984559,C0188,SALARY CREDIT 49015,69444.0,25-07-2025,Credit,Others,salary credit
TXN748256,C0171,ola ride,2284.26,20-05-2024,Debit,Others,ola ride
TXN334003,C0084,HOTEL BOOKING,16411.73,19-09-2025,Debit,Others,hotel booking
TXN590269,C0154,hospital fee,26626.34,26-12-2025,DR,Others,hospital fee
TXN659828,C0014,makemytrip,29193.43,05-12-2025,debit,Others,makemytrip
TXN611869,C0246,policy payment,28890.17,22-02-2024,DR,Others,policy payment
TXN253962,C0017,IRCTC booking,7405.83,28-11-2025,debit,Railway,irctc booking
TXN213796,C0211,LIC PREMIUM 41216,7588.53,08-12-2025,debit,Others,lic premium
TXN217414,C0288,investment txn,35294.65,15-06-2025,Debit,Others,investment txn
TXN358956,C0280,movie ticket,22993.98,29-06-2025,Debit,Others,movie ticket
TXN235791,C0153,hotstar,13964.74,01-11-2024,Debit,Others,hotstar
TXN587714,C0141,SAL CR,87888.0,23-12-2024,Credit,Others,sal cr
TXN810617,C0075,salary credit,76712.0,19-12-2024,Credit,Others,salary credit
TXN687837,C0132,salary credit,70398.0,28-03-2025,Credit,Others,salary credit
TXN114533,C0123,goibibo,34814.64,20-05-2024,DR,Others,goibibo
TXN433378,C0170,electricity bill,11657.17,12-04-2024,DR,Others,electricity bill
TXN500642,C0103,makemytrip 72235,20357.23,02-05-2025,Debit,Others,makemytrip
TXN243501,C0274,monthly salary 11825,110498.0,10-08-2025,Credit,Others,monthly salary
TXN826237,C0254,zomato payment,49858.65,10-02-2025,Debit,Others,zomato payment
TXN298385,C0233,RAPIDO 74543,5382.89,09-12-2024,DR,Others,rapido
TXN346748,C0084,investment txn 66188,13656.4,25-04-2024,debit,Others,investment txn
TXN184020,C0208,flight booking 44285,28397.71,16-07-2024,debit,Others,flight booking
TXN339321,C0128,HOSPITAL FEE,49084.63,03-05-2025,Debit,Others,hospital fee
TXN610755,C0294,DOMINOS#,47702.66,05-11-2024,debit,Others,dominos
TXN321710,C0082,DOMINOS#,33395.95,21-04-2025,Debit,Others,dominos
TXN229773,C0069,hospital fee,18389.84,14-08-2024,debit,Others,hospital fee
TXN957137,C0242,goibibo,20803.96,16-07-2025,debit,Others,goibibo
TXN551034,C0229,SIP debit,43659.29,24-03-2024,DR,Others,sip debit
TXN211977,C0294,STOCK PURCHASE,41442.13,01-06-2025,Debit,Others,stock purchase
TXN751743,C0299,SIP DEBIT,5829.68,29-07-2024,debit,Others,sip debit
TXN435605,C0234,makemytrip,22682.55,09-06-2025,Debit,Others,makemytrip
TXN266818,C0002,insurance premium,36169.54,09-02-2025,debit,Others,insurance premium
TXN979982,C0036,MOBILE RECHARGE,3206.72,02-03-2024,DR,Others,mobile recharge
TXN440782,C0192,makemytrip,38296.07,23-10-2025,Debit,Others,makemytrip
TXN917037,C0277,lab test,4030.89,08-11-2025,debit,Others,lab test
TXN875374,C0002,RAPIDO,26451.55,16-08-2024,debit,Others,rapido
TXN259536,C0236,DOMINOS#,26606.04,23-08-2024,debit,Others,dominos
TXN848800,C0215,spotify,38279.19,02-02-2024,DR,Others,spotify
TXN737450,C0025,insurance premium 77949,22333.12,19-11-2025,Debit,Others,insurance premium
TXN146943,C0258,electricity bill,37724.2,27-02-2024,Debit,Others,electricity bill
TXN626963,C0165,SAL CR,66799.0,14-08-2025,Credit,Others,sal cr
TXN288520,C0032,gas bill,11067.72,03-11-2024,DR,Others,gas bill
TXN987325,C0196,SIP debit,2363.27,18-12-2024,debit,Others,sip debit
TXN496521,C0124,stock purchase,18835.48,04-07-2025,debit,Others,stock purchase
TXN584358,C0272,gas bill 60789,28128.05,02-03-2025,Debit,Others,gas bill
TXN888284,C0190,fuel station,3971.94,05-04-2025,DR,Others,fuel station
TXN632210,C0021,mall purchase,18870.86,11-09-2025,debit,Others,mall purchase
TXN219037,C0171,FLIPKART*,27951.35,05-05-2025,DR,Others,flipkart
TXN958862,C0125,salary credit,40376.0,05-05-2025,Credit,Others,salary credit
TXN399153,C0239,LIC premium,16094.32,16-10-2024,DR,Others,lic premium
TXN798626,C0164,stock purchase,23310.88,25-04-2025,debit,Others,stock purchase
TXN580190,C0300,gas bill 29102,7313.22,24-09-2024,DR,Others,gas bill
TXN873845,C0126,LIC premium,11516.33,06-08-2025,debit,Others,lic premium
TXN483215,C0087,flight booking,32091.89,17-05-2025,DR,Others,flight booking
TXN672986,C0031,SPOTIFY,45846.63,09-07-2025,Debit,Others,spotify
TXN144171,C0119,mutual fund 87684,38221.66,26-02-2025,Debit,Others,mutual fund
TXN699144,C0248,FLIPKART*,3041.3,15-10-2025,debit,Others,flipkart
TXN561763,C0147,MAKEMYTRIP,855.97,08-10-2024,Debit,Others,makemytrip
TXN549858,C0077,restaurant txn,5368.68,08-04-2024,Debit,Others,restaurant txn
TXN082858,C0192,WATER-PAY,13380.89,10-02-2025,debit,Others,water pay
TXN685492,C0017,lab test,15012.73,23-03-2024,Debit,Others,lab test
TXN179709,C0043,AJIO txn,31844.67,20-12-2025,Debit,Others,ajio txn
TXN240928,C0109,hotel booking,44741.66,13-02-2024,Debit,Others,hotel booking
TXN590883,C0017,policy payment,46280.73,10-07-2025,DR,Others,policy payment
TXN860779,C0204,RAPIDO,37617.68,30-12-2025,Debit,Others,rapido
TXN347844,C0197,MYNTRA ORDER,33858.21,07-07-2025,debit,Others,myntra order
TXN879415,C0039,UBER TRIP,4902.34,25-08-2024,Debit,Others,uber trip
TXN031065,C0140,gaming purchase,48446.65,30-11-2024,debit,Others,gaming purchase
TXN614335,C0195,hotel booking,21603.76,27-11-2025,debit,Others,hotel booking
TXN398459,C0079,mall purchase,4120.26,06-06-2024,Debit,Others,mall purchase
TXN107198,C0068,hospital fee 40505,18008.68,03-10-2024,debit,Others,hospital fee
TXN093973,C0182,FLIPKART*,20414.05,27-01-2024,DR,Others,flipkart
TXN406638,C0044,mutual fund,636.78,27-02-2025,debit,Others,mutual fund
TXN315760,C0138,SIP debit,8491.7,02-10-2024,debit,Others,sip debit
TXN378667,C0129,GOIBIBO,15001.62,19-03-2024,debit,Others,goibibo
TXN994914,C0203,broadband recharge,6791.77,07-01-2024,Debit,Others,broadband recharge
TXN623267,C0070,gaming purchase,16750.12,28-10-2025,debit,Others,gaming purchase
TXN186267,C0204,monthly salary,87784.0,17-11-2024,Credit,Others,monthly salary
TXN394323,C0144,hotstar,39103.08,29-11-2024,DR,Others,hotstar
TXN714828,C0282,HOSPITAL FEE,49863.3,03-07-2024,DR,Others,hospital fee
TXN858748,C0210,hotel bill,41567.46,11-03-2024,debit,Others,hotel bill
TXN827407,C0194,goibibo,7724.08,09-03-2025,DR,Others,goibibo
TXN438621,C0279,AJIO txn,26727.68,09-12-2025,debit,Others,ajio txn
TXN114683,C0128,DOMINOS#,31916.25,28-03-2024,DR,Others,dominos
TXN834909,C0221,spotify 84645,32344.25,05-12-2024,DR,Others,spotify
TXN721069,C0295,AMAZON PAY,25949.51,17-08-2025,DR,Others,amazon pay
TXN158068,C0177,broadband recharge,29437.73,27-05-2025,DR,Others,broadband recharge
TXN365250,C0160,HOTEL BILL,5821.15,25-05-2024,Debit,Others,hotel bill
TXN757066,C0232,movie ticket,23818.6,24-03-2025,debit,Others,movie ticket
TXN679446,C0056,netflix,1148.8,17-12-2024,Debit,Others,netflix
TXN243119,C0208,ola ride,28001.25,18-04-2025,debit,Others,ola ride
TXN471414,C0220,ola ride,36874.67,21-07-2024,Debit,Others,ola ride
TXN605394,C0053,apollo pharmacy,40440.31,05-03-2024,DR,Others,apollo pharmacy
TXN553350,C0161,SIP debit,13132.42,16-05-2025,Debit,Others,sip debit
TXN647352,C0089,policy payment,17612.21,13-04-2025,debit,Others,policy payment
TXN122630,C0094,salary credit,56270.0,08-11-2024,Credit,Others,salary credit
TXN194777,C0250,spotify,28748.81,09-03-2025,Debit,Others,spotify
TXN649499,C0028,SIP debit,9371.19,06-04-2025,Debit,Others,sip debit
TXN684794,C0254,netflix,48192.18,01-06-2025,debit,Others,netflix
TXN032360,C0113,lab test,8379.33,01-08-2025,debit,Others,lab test
TXN593128,C0254,salary credit,47047.0,13-04-2025,Credit,Others,salary credit
TXN568374,C0022,mutual fund,41167.67,10-01-2025,DR,Others,mutual fund
TXN471579,C0135,goibibo 85778,14899.49,03-02-2024,Debit,Others,goibibo
TXN722609,C0180,netflix,10509.71,25-08-2025,Debit,Others,netflix
TXN597767,C0180,LIC premium,40680.22,01-03-2024,Debit,Others,lic premium
TXN280330,C0264,stock purchase,14645.88,09-08-2025,DR,Others,stock purchase
TXN133052,C0068,FLIPKART*,49624.46,02-11-2025,Debit,Others,flipkart
TXN605475,C0138,WATER-PAY,19647.18,25-05-2024,DR,Others,water pay
TXN728450,C0189,lab test,20154.48,11-10-2024,Debit,Others,lab test
TXN665679,C0184,hotel booking 96139,36551.98,14-04-2025,Debit,Others,hotel booking
TXN868582,C0146,mall purchase,24745.85,26-11-2024,Debit,Others,mall purchase
TXN799282,C0025,gaming purchase,39419.42,29-11-2025,debit,Others,gaming purchase
TXN462722,C0234,SWIGGY ORD,6229.37,10-06-2024,Debit,Others,swiggy ord
TXN166700,C0141,hotel bill,44109.75,05-11-2024,Debit,Others,hotel bill
TXN655994,C0157,myntra order,8292.94,09-02-2025,DR,Others,myntra order
TXN139146,C0116,broadband recharge,10686.79,20-03-2024,Debit,Others,broadband recharge
TXN727745,C0068,INVESTMENT TXN,49407.98,08-03-2025,Debit,Others,investment txn
TXN143791,C0196,makemytrip 13525,15681.31,02-11-2024,Debit,Others,makemytrip
TXN368248,C0110,OLA RIDE,32508.01,26-03-2025,DR,Others,ola ride
TXN146815,C0064,fuel station,4352.67,12-04-2024,Debit,Others,fuel station
TXN290422,C0044,LIC premium,39558.01,10-09-2024,debit,Others,lic premium
TXN028128,C0155,mobile recharge,38952.9,08-12-2025,debit,Others,mobile recharge
TXN821876,C0123,mobile recharge,14791.19,25-02-2024,debit,Others,mobile recharge
TXN378639,C0163,HOTEL BOOKING,3569.18,13-01-2024,DR,Others,hotel booking
TXN799777,C0242,fuel station,27326.88,25-06-2024,debit,Others,fuel station
TXN531220,C0147,amazon pay 28377,46130.51,11-02-2025,Debit,Others,amazon pay
TXN160098,C0143,investment txn,26837.51,22-09-2025,DR,Others,investment txn
TXN614924,C0034,MYNTRA ORDER,26828.78,04-02-2025,Debit,Others,myntra order
TXN090401,C0223,payroll transfer,32589.0,07-09-2024,Credit,Others,payroll transfer
TXN125246,C0007,AJIO txn 87404,32909.46,28-06-2024,DR,Others,ajio txn
TXN175074,C0191,UBER TRIP,25870.8,22-09-2024,DR,Others,uber trip
TXN549301,C0033,RAPIDO 3947,40359.25,05-10-2024,debit,Others,rapido
TXN901105,C0291,salary credit,32266.0,26-05-2025,Credit,Others,salary credit
TXN239500,C0261,RAPIDO,33712.54,28-04-2024,DR,Others,rapido
TXN187655,C0019,SWIGGY ORD 6126,18211.55,02-06-2024,debit,Others,swiggy ord
TXN599299,C0191,investment txn,16010.36,20-03-2024,DR,Others,investment txn
TXN072275,C0239,mall purchase 29353,49071.06,14-02-2025,DR,Others,mall purchase
TXN210419,C0150,monthly salary,26044.0,12-01-2025,Credit,Others,monthly salary
TXN810144,C0101,policy payment,29592.71,20-05-2025,debit,Others,policy payment
TXN666834,C0005,SIP DEBIT,11665.23,20-12-2024,Debit,Others,sip debit
TXN215162,C0272,netflix,36366.21,16-04-2024,DR,Others,netflix
TXN966027,C0119,broadband recharge 18761,14005.67,14-02-2024,DR,Others,broadband recharge
TXN529980,C0069,investment txn,4263.42,07-04-2024,DR,Others,investment txn
TXN892248,C0162,apollo pharmacy 86927,11853.85,24-09-2024,Debit,Others,apollo pharmacy
TXN817824,C0300,hospital fee,47178.86,19-05-2024,Debit,Others,hospital fee
TXN375692,C0107,FLIPKART*,20337.5,02-07-2025,debit,Others,flipkart
TXN318993,C0021,flight booking,7897.62,03-12-2025,Debit,Others,flight booking
TXN710079,C0154,GAS BILL,19824.3,20-02-2024,debit,Others,gas bill
TXN784418,C0282,SAL CR,84270.0,23-07-2025,Credit,Others,sal cr
TXN870709,C0114,electricity bill,6090.23,04-03-2024,Debit,Others,electricity bill
TXN610611,C0133,ola ride,46879.99,27-03-2024,DR,Others,ola ride
TXN096447,C0170,amazon pay,22182.7,11-05-2024,DR,Others,amazon pay
TXN520227,C0016,amazon pay 75320,41087.84,08-02-2025,debit,Others,amazon pay
TXN926337,C0077,LAB TEST,13763.59,01-04-2025,Debit,Others,lab test
TXN502301,C0032,restaurant txn,24954.6,17-07-2025,debit,Others,restaurant txn
TXN261251,C0279,myntra order,44234.93,22-06-2025,DR,Others,myntra order
TXN957012,C0290,hotel bill,39076.13,18-12-2024,DR,Others,hotel bill
TXN939278,C0144,stock purchase,29863.88,31-01-2024,debit,Others,stock purchase
TXN259897,C0124,hotel bill,48699.51,12-04-2024,Debit,Others,hotel bill
TXN372040,C0089,salary credit,100457.0,01-02-2025,Credit,Others,salary credit
TXN029577,C0181,ola ride,17951.98,28-08-2025,DR,Others,ola ride
TXN514260,C0020,LIC PREMIUM,27115.39,28-06-2024,debit,Others,lic premium
TXN962484,C0104,amazon pay,23909.89,05-12-2024,DR,Others,amazon pay
TXN615105,C0073,RAPIDO,2996.61,31-05-2024,debit,Others,rapido
TXN414813,C0052,mall purchase,35232.81,09-11-2025,debit,Others,mall purchase
TXN510867,C0163,hotstar,47435.7,16-10-2025,DR,Others,hotstar
TXN854018,C0090,IRCTC booking,11177.4,26-08-2025,debit,Railway,irctc booking
TXN994783,C0294,hospital fee,36446.97,19-12-2025,Debit,Others,hospital fee
TXN109168,C0255,APOLLO PHARMACY,11060.34,02-08-2025,DR,Others,apollo pharmacy
TXN861575,C0172,RAPIDO,8411.01,31-03-2024,debit,Others,rapido
TXN755409,C0001,makemytrip,17537.05,20-04-2024,Debit,Others,makemytrip
TXN924604,C0194,hotel bill,44229.91,19-05-2025,Debit,Others,hotel bill
TXN236541,C0084,gaming purchase,32555.46,04-12-2025,DR,Others,gaming purchase
TXN077805,C0176,makemytrip 2731,13071.16,17-04-2024,debit,Others,makemytrip
TXN936616,C0248,FUEL STATION 12303,29709.65,20-09-2025,debit,Others,fuel station
TXN347178,C0106,hotel bill,7872.05,13-04-2024,debit,Others,hotel bill
TXN295199,C0153,broadband recharge,27015.47,07-11-2025,DR,Others,broadband recharge
TXN004001,C0219,ELECTRICITY BILL,7696.42,04-01-2025,debit,Others,electricity bill
TXN217006,C0088,myntra order,9999.75,27-01-2024,debit,Others,myntra order
TXN938348,C0136,salary credit 52196,86727.0,15-05-2025,Credit,Others,salary credit
TXN046785,C0135,mall purchase,18482.7,01-04-2025,debit,Others,mall purchase
TXN699892,C0050,hotel booking,3100.74,14-12-2025,DR,Others,hotel booking
TXN881640,C0199,myntra order,11391.09,03-03-2024,DR,Others,myntra order
TXN499398,C0154,investment txn,28644.26,29-08-2024,debit,Others,investment txn
TXN839334,C0293,AJIO txn,28569.57,13-06-2025,DR,Others,ajio txn
TXN222183,C0099,INSURANCE PREMIUM,47454.09,20-06-2024,Debit,Others,insurance premium
TXN155062,C0133,UBER TRIP,10111.93,04-10-2025,debit,Others,uber trip
TXN544933,C0235,NETFLIX,16319.82,09-10-2024,DR,Others,netflix
TXN594117,C0299,restaurant txn,20733.83,31-05-2024,Debit,Others,restaurant txn
TXN276968,C0197,amazon pay 37598,44009.19,24-02-2025,DR,Others,amazon pay
TXN727357,C0206,HOTEL BOOKING,30919.86,28-11-2025,Debit,Others,hotel booking
TXN965566,C0138,hotel bill,2483.56,01-05-2025,Debit,Others,hotel bill
TXN899925,C0051,netflix,14031.73,18-05-2025,debit,Others,netflix
TXN634367,C0046,WATER-PAY,13485.61,02-03-2025,debit,Others,water pay
TXN909314,C0192,broadband recharge,24233.33,12-06-2025,DR,Others,broadband recharge
TXN922048,C0292,restaurant txn 93104,20181.19,20-06-2025,DR,Others,restaurant txn
TXN053016,C0185,ZOMATO PAYMENT,12489.52,12-04-2025,Debit,Others,zomato payment
TXN714264,C0016,gas bill,31777.78,06-05-2024,debit,Others,gas bill
TXN360972,C0084,gas bill,29352.27,24-12-2024,debit,Others,gas bill
TXN817712,C0110,salary credit,46352.0,08-08-2025,Credit,Others,salary credit
TXN009331,C0243,WATER-PAY,25673.8,29-11-2025,debit,Others,water pay
TXN747363,C0141,ola ride 33181,40258.18,08-11-2024,DR,Others,ola ride
TXN545929,C0204,lab test,23345.57,24-11-2025,Debit,Others,lab test
TXN638636,C0145,INSURANCE PREMIUM,28081.63,31-08-2025,debit,Others,insurance premium
TXN340931,C0142,salary credit,61239.0,17-10-2025,Credit,Others,salary credit
TXN844555,C0207,MONTHLY SALARY,56496.0,28-02-2024,Credit,Others,monthly salary
TXN424253,C0199,spotify,12986.13,04-03-2025,debit,Others,spotify
TXN233165,C0274,restaurant txn,17171.49,31-12-2025,Debit,Others,restaurant txn
TXN308055,C0050,flight booking,43827.21,04-07-2024,DR,Others,flight booking
TXN992922,C0172,goibibo,38150.65,06-07-2024,DR,Others,goibibo
TXN389738,C0134,FLIPKART*,21035.22,05-12-2024,debit,Others,flipkart
TXN074676,C0242,policy payment 7135,29187.06,27-09-2025,DR,Others,policy payment
TXN913152,C0078,MOBILE RECHARGE,14931.82,25-02-2024,DR,Others,mobile recharge
TXN816780,C0042,ola ride,7178.34,03-07-2024,debit,Others,ola ride
TXN286815,C0108,flight booking,2919.52,07-04-2025,DR,Others,flight booking
TXN664260,C0220,IRCTC booking,6487.71,20-03-2025,Debit,Railway,irctc booking
TXN996220,C0008,lab test,26698.45,17-01-2025,Debit,Others,lab test
TXN727214,C0177,GAMING PURCHASE,36685.49,19-08-2024,DR,Others,gaming purchase
TXN068459,C0024,SAL CR,65123.0,20-06-2024,Credit,Others,sal cr
TXN454731,C0069,monthly salary,93697.0,11-12-2024,Credit,Others,monthly salary
TXN762492,C0068,movie ticket,975.85,17-08-2024,debit,Others,movie ticket
TXN393418,C0131,electricity bill,35561.28,08-02-2024,debit,Others,electricity bill
TXN723256,C0060,mutual fund 14270,41809.28,19-02-2024,DR,Others,mutual fund
TXN728962,C0005,lab test,35099.37,29-07-2024,debit,Others,lab test
TXN635054,C0071,payroll transfer,60386.0,29-09-2025,Credit,Others,payroll transfer
TXN521918,C0102,apollo pharmacy,5718.35,18-04-2024,debit,Others,apollo pharmacy
TXN309699,C0083,insurance premium,17908.93,23-02-2025,Debit,Others,insurance premium
TXN013369,C0046,restaurant txn,16543.57,03-01-2024,debit,Others,restaurant txn
TXN948730,C0132,mall purchase 11907,3770.91,13-04-2024,DR,Others,mall purchase
TXN916603,C0021,broadband recharge,2523.01,27-06-2024,debit,Others,broadband recharge
TXN892597,C0024,monthly salary,40191.0,07-04-2024,Credit,Others,monthly salary
TXN281343,C0048,zomato payment,44728.49,28-09-2025,debit,Others,zomato payment
TXN723416,C0245,HOTSTAR,13606.22,29-01-2025,debit,Others,hotstar
TXN108752,C0214,MEDPLUS,49078.83,12-06-2024,Debit,Others,medplus
TXN641056,C0015,policy payment,30573.93,02-01-2025,Debit,Others,policy payment
TXN686790,C0161,fuel station 54007,2317.7,24-09-2024,debit,Others,fuel station
TXN915558,C0174,restaurant txn,11214.77,16-11-2025,DR,Others,restaurant txn
TXN672562,C0198,mutual fund,17300.56,23-11-2025,debit,Others,mutual fund
TXN530127,C0241,IRCTC booking,32177.07,09-06-2024,Debit,Railway,irctc booking
TXN052797,C0260,GOIBIBO,16558.12,11-10-2024,Debit,Others,goibibo
TXN840184,C0294,mobile recharge,3959.95,30-03-2025,Debit,Others,mobile recharge
TXN018633,C0053,makemytrip,49033.92,31-10-2025,Debit,Others,makemytrip
TXN668508,C0156,LAB TEST,39593.33,25-09-2025,Debit,Others,lab test
TXN856256,C0115,SIP debit,18179.86,25-02-2024,debit,Others,sip debit
TXN750690,C0232,flight booking,35838.57,07-01-2025,debit,Others,flight booking
TXN838770,C0150,amazon pay,17769.85,10-10-2025,debit,Others,amazon pay
TXN112158,C0131,stock purchase 21616,7039.65,23-02-2025,debit,Others,stock purchase
TXN751607,C0174,INSURANCE PREMIUM,10795.16,14-07-2024,debit,Others,insurance premium
TXN479606,C0259,AJIO TXN,29448.78,06-04-2025,DR,Others,ajio txn
TXN506391,C0261,FUEL STATION,46766.71,22-08-2025,DR,Others,fuel station
TXN635606,C0165,IRCTC BOOKING,19382.53,06-09-2025,Debit,Railway,irctc booking
TXN417197,C0176,investment txn,38123.49,07-10-2024,DR,Others,investment txn
TXN313434,C0281,payroll transfer 79074,116752.0,08-06-2025,Credit,Others,payroll transfer
TXN362067,C0068,gaming purchase,35724.94,04-12-2025,DR,Others,gaming purchase
TXN589594,C0246,IRCTC booking,5787.95,26-12-2024,DR,Railway,irctc booking
TXN299818,C0217,LIC premium,37398.48,30-06-2025,DR,Others,lic premium
TXN279948,C0083,RESTAURANT TXN,33519.3,23-07-2024,Debit,Others,restaurant txn
TXN033876,C0184,MONTHLY SALARY 38784,51738.0,08-07-2025,Credit,Others,monthly salary
TXN588535,C0200,makemytrip,43244.78,24-10-2025,DR,Others,makemytrip
TXN971490,C0196,mobile recharge,34652.95,18-02-2024,debit,Others,mobile recharge
TXN013596,C0129,lab test,48292.34,25-02-2024,debit,Others,lab test
TXN738858,C0189,mobile recharge,41502.57,10-10-2025,debit,Others,mobile recharge
TXN470617,C0091,LIC premium,48215.21,28-10-2024,DR,Others,lic premium
TXN292671,C0285,FLIPKART*,18872.37,14-03-2025,Debit,Others,flipkart
TXN488984,C0080,SAL CR,25739.0,04-12-2024,Credit,Others,sal cr
TXN315784,C0252,zomato payment,30788.12,08-11-2025,DR,Others,zomato payment
TXN545896,C0035,LIC premium,26279.25,07-07-2024,debit,Others,lic premium
TXN695557,C0170,SIP debit,17483.16,06-08-2024,Debit,Others,sip debit
TXN863700,C0005,hotstar,26534.33,28-07-2025,DR,Others,hotstar
TXN041815,C0165,myntra order,45931.99,06-09-2024,DR,Others,myntra order
TXN862044,C0192,apollo pharmacy,1254.79,13-06-2025,debit,Others,apollo pharmacy
TXN086346,C0050,investment txn,9641.77,10-06-2025,DR,Others,investment txn
TXN906967,C0218,IRCTC booking,33523.35,06-08-2024,Debit,Railway,irctc booking
TXN856430,C0037,FLIPKART*,38764.83,24-10-2025,DR,Others,flipkart
TXN832795,C0129,UBER TRIP,3680.94,01-07-2024,Debit,Others,uber trip
TXN660831,C0208,mutual fund,20393.49,06-04-2025,debit,Others,mutual fund
TXN066310,C0300,HOSPITAL FEE,314.83,25-09-2025,DR,Others,hospital fee
TXN636031,C0045,SWIGGY ORD,39348.86,04-11-2024,debit,Others,swiggy ord
TXN163918,C0274,payroll transfer,29039.0,30-04-2025,Credit,Others,payroll transfer
TXN151075,C0153,WATER-PAY,14763.02,11-10-2025,DR,Others,water pay
TXN625638,C0202,netflix,2107.82,09-08-2025,Debit,Others,netflix
TXN949620,C0263,mutual fund,17205.71,26-02-2025,DR,Others,mutual fund
TXN703572,C0291,OLA RIDE,9732.42,04-07-2024,debit,Others,ola ride
TXN102973,C0102,restaurant txn,33590.83,13-09-2024,debit,Others,restaurant txn
TXN298988,C0036,policy payment,32780.54,12-04-2024,DR,Others,policy payment
TXN159798,C0290,gas bill,15297.66,21-08-2025,DR,Others,gas bill
TXN823825,C0114,policy payment,261.5,09-09-2024,Debit,Others,policy payment
TXN466992,C0184,hospital fee 96172,43896.73,18-04-2025,debit,Others,hospital fee
TXN882684,C0144,payroll transfer,104511.0,24-03-2024,Credit,Others,payroll transfer
TXN935441,C0010,IRCTC BOOKING,3841.59,18-03-2024,DR,Railway,irctc booking
TXN578389,C0134,mutual fund,10653.78,07-02-2024,DR,Others,mutual fund
TXN768845,C0149,investment txn 51545,44574.05,26-08-2025,Debit,Others,investment txn
TXN889174,C0085,fuel station 47792,549.37,01-09-2024,DR,Others,fuel station
TXN771668,C0248,SIP debit,32977.48,29-05-2024,DR,Others,sip debit
TXN044888,C0106,netflix,13232.57,27-08-2024,Debit,Others,netflix
TXN339814,C0053,stock purchase,2014.44,26-10-2025,Debit,Others,stock purchase
TXN685429,C0194,stock purchase,28516.6,20-01-2025,DR,Others,stock purchase
TXN541456,C0208,gaming purchase,12594.29,16-08-2024,DR,Others,gaming purchase
TXN461268,C0085,hotstar,349.75,22-05-2024,DR,Others,hotstar
TXN631265,C0061,electricity bill,9361.55,05-01-2025,Debit,Others,electricity bill
TXN220940,C0083,broadband recharge,33767.97,05-05-2025,debit,Others,broadband recharge
TXN041095,C0294,apollo pharmacy 77740,6753.51,08-06-2025,Debit,Others,apollo pharmacy
TXN590983,C0010,UBER TRIP,47912.75,05-09-2025,DR,Others,uber trip
TXN178853,C0113,salary credit,86789.0,08-05-2025,Credit,Others,salary credit
TXN277371,C0086,medplus,31168.12,07-06-2025,Debit,Others,medplus
TXN212178,C0268,movie ticket 49672,6628.02,17-01-2024,debit,Others,movie ticket
TXN628951,C0020,investment txn,23803.94,21-09-2025,Debit,Others,investment txn
TXN940541,C0221,MUTUAL FUND,26973.51,02-01-2024,DR,Others,mutual fund
TXN827910,C0196,investment txn 69544,11489.72,08-05-2025,debit,Others,investment txn
TXN140387,C0131,gaming purchase,28814.52,11-03-2025,DR,Others,gaming purchase
TXN005736,C0004,goibibo 78519,20444.16,12-07-2024,DR,Others,goibibo
TXN428706,C0186,LIC PREMIUM 85892,34394.58,19-11-2024,Debit,Others,lic premium
TXN592100,C0188,FLIPKART*,42751.75,09-03-2025,debit,Others,flipkart
TXN505905,C0092,policy payment,20673.14,24-07-2025,Debit,Others,policy payment
TXN417470,C0071,gaming purchase,28891.0,23-12-2025,debit,Others,gaming purchase
TXN420019,C0174,FLIPKART*,5031.93,04-06-2025,Debit,Others,flipkart
TXN494581,C0223,MUTUAL FUND,40222.38,28-05-2024,Debit,Others,mutual fund
TXN975894,C0206,amazon pay,1907.01,28-01-2025,DR,Others,amazon pay
TXN671395,C0254,LIC premium,2892.0,28-06-2024,DR,Others,lic premium
TXN822042,C0262,makemytrip,14314.61,04-02-2024,DR,Others,makemytrip
TXN165093,C0045,SIP debit,11978.05,01-01-2024,debit,Others,sip debit
TXN542893,C0008,payroll transfer,101818.0,24-07-2024,Credit,Others,payroll transfer
TXN364355,C0142,amazon pay,45752.15,22-12-2024,DR,Others,amazon pay
TXN183538,C0209,mobile recharge,28753.84,24-09-2024,debit,Others,mobile recharge
TXN270212,C0276,mutual fund,47351.83,09-06-2025,debit,Others,mutual fund
TXN794269,C0174,policy payment,24191.82,06-09-2024,DR,Others,policy payment
TXN401262,C0113,hotel booking,5831.09,10-03-2024,debit,Others,hotel booking
TXN260317,C0148,gas bill,505.97,26-09-2024,DR,Others,gas bill
TXN499705,C0161,AJIO txn,27736.48,01-07-2024,Debit,Others,ajio txn
TXN523239,C0103,spotify,34161.7,13-07-2024,DR,Others,spotify
TXN373322,C0080,WATER-PAY,41750.33,25-09-2025,Debit,Others,water pay
TXN801369,C0278,amazon pay,24643.39,07-01-2024,DR,Others,amazon pay
TXN191756,C0262,hotel bill,43441.07,17-05-2025,DR,Others,hotel bill
TXN838096,C0217,payroll transfer,32097.0,22-06-2025,Credit,Others,payroll transfer
TXN126216,C0266,makemytrip,38799.68,13-04-2025,DR,Others,makemytrip
TXN379168,C0133,flight booking 27723,29058.79,29-11-2024,debit,Others,flight booking
TXN522999,C0218,IRCTC booking,17167.96,07-07-2024,DR,Railway,irctc booking
TXN599167,C0068,broadband recharge,13995.88,03-07-2024,debit,Others,broadband recharge
TXN205588,C0075,LIC premium 35482,27775.9,25-01-2025,Debit,Others,lic premium
TXN542122,C0274,fuel station,6740.89,07-10-2025,debit,Others,fuel station
TXN724088,C0084,movie ticket,2404.51,11-04-2024,DR,Others,movie ticket
TXN272388,C0185,zomato payment,4833.17,08-12-2024,DR,Others,zomato payment
TXN368146,C0102,gaming purchase,1011.37,04-05-2024,debit,Others,gaming purchase
TXN535240,C0250,LIC premium,17768.35,20-11-2025,debit,Others,lic premium
TXN671698,C0173,makemytrip,47830.59,20-06-2024,DR,Others,makemytrip
TXN684734,C0150,lab test 21333,11426.33,20-11-2024,debit,Others,lab test
TXN546241,C0231,payroll transfer,72600.0,24-08-2025,Credit,Others,payroll transfer
TXN786160,C0041,MEDPLUS 95490,33107.89,18-12-2025,Debit,Others,medplus
TXN549436,C0043,WATER-PAY 62121,2710.2,10-02-2025,DR,Others,water pay
TXN464688,C0065,myntra order 51197,11483.21,17-10-2024,debit,Others,myntra order
TXN906223,C0244,IRCTC booking 87072,43021.23,29-11-2024,debit,Railway,irctc booking
TXN478721,C0289,flight booking 91538,8868.29,03-09-2025,DR,Others,flight booking
TXN322824,C0188,hospital fee,40239.29,28-03-2025,Debit,Others,hospital fee
TXN561092,C0005,HOSPITAL FEE 68692,17207.37,25-04-2025,Debit,Others,hospital fee
TXN574843,C0192,hotel booking,29858.25,08-01-2024,debit,Others,hotel booking
TXN408655,C0194,broadband recharge,8180.21,23-10-2025,Debit,Others,broadband recharge
TXN846804,C0140,GAS BILL,38231.62,19-09-2025,DR,Others,gas bill
TXN303663,C0057,monthly salary,48908.0,19-05-2024,Credit,Others,monthly salary
TXN052043,C0274,hotel booking,16045.77,04-06-2024,Debit,Others,hotel booking
TXN244120,C0047,zomato payment,35765.49,09-01-2024,Debit,Others,zomato payment
TXN389439,C0238,UBER TRIP,39290.55,25-05-2025,debit,Others,uber trip
TXN074853,C0279,DOMINOS#,2820.8,05-02-2025,Debit,Others,dominos
TXN805460,C0128,GOIBIBO,41416.04,04-05-2024,debit,Others,goibibo
TXN546454,C0107,lab test,23052.52,06-04-2024,Debit,Others,lab test
TXN780901,C0282,hotel booking,7947.4,13-02-2024,debit,Others,hotel booking
TXN905611,C0112,mutual fund,18034.12,23-02-2024,Debit,Others,mutual fund
TXN125462,C0203,FLIPKART*,39723.63,21-08-2025,Debit,Others,flipkart
TXN162521,C0191,electricity bill,23774.03,02-09-2025,DR,Others,electricity bill
TXN062970,C0031,FLIPKART* 81187,46543.82,02-10-2025,debit,Others,flipkart
TXN585473,C0178,spotify,24402.39,20-11-2024,Debit,Others,spotify
TXN508877,C0225,GOIBIBO,6753.91,10-02-2024,DR,Others,goibibo
TXN339404,C0240,stock purchase,9347.6,22-12-2024,DR,Others,stock purchase
TXN567916,C0188,SAL CR,63754.0,26-09-2024,Credit,Others,sal cr
TXN649839,C0187,makemytrip,9293.0,20-01-2024,DR,Others,makemytrip
TXN521719,C0283,insurance premium 70742,9509.68,30-11-2025,debit,Others,insurance premium
TXN690898,C0035,IRCTC booking,5541.0,19-06-2025,debit,Railway,irctc booking
TXN598750,C0199,ZOMATO PAYMENT 14131,9597.0,02-02-2024,debit,Others,zomato payment
TXN687604,C0252,FLIGHT BOOKING,3562.28,01-08-2024,DR,Others,flight booking
TXN861958,C0189,AJIO txn 73240,46913.43,01-03-2025,DR,Others,ajio txn
TXN544720,C0050,restaurant txn 9325,3915.21,09-08-2024,debit,Others,restaurant txn
TXN655701,C0092,FLIPKART*,32850.69,06-08-2025,DR,Others,flipkart
TXN736678,C0219,investment txn,17911.01,14-04-2025,DR,Others,investment txn
TXN559836,C0227,FLIPKART*,16888.89,10-06-2024,DR,Others,flipkart
TXN451505,C0166,hotstar,20628.92,10-10-2025,debit,Others,hotstar
TXN377497,C0232,insurance premium,46308.82,17-09-2024,DR,Others,insurance premium
TXN933573,C0155,HOTEL BOOKING 37387,834.8,18-05-2024,DR,Others,hotel booking
TXN862284,C0142,DOMINOS#,1104.63,07-12-2025,debit,Others,dominos
TXN932840,C0299,SIP DEBIT,6937.64,10-01-2025,Debit,Others,sip debit
TXN769934,C0040,WATER-PAY,20001.92,10-08-2024,DR,Others,water pay
TXN624146,C0154,MOVIE TICKET,35148.34,07-04-2024,DR,Others,movie ticket
TXN436755,C0062,restaurant txn,17409.55,20-03-2025,debit,Others,restaurant txn
TXN549856,C0022,mobile recharge,19136.7,08-11-2024,DR,Others,mobile recharge
TXN706358,C0202,gaming purchase,11055.44,21-02-2024,DR,Others,gaming purchase
TXN086555,C0244,makemytrip,7417.66,10-12-2024,debit,Others,makemytrip
TXN811415,C0067,LIC PREMIUM,19938.38,20-03-2025,Debit,Others,lic premium
TXN645920,C0269,fuel station,28575.11,28-07-2025,DR,Others,fuel station
TXN093947,C0058,WATER-PAY,34243.2,12-08-2025,debit,Others,water pay
TXN807070,C0157,lab test,29701.98,25-01-2024,debit,Others,lab test
TXN047058,C0120,RAPIDO,31166.64,27-03-2025,debit,Others,rapido
TXN254855,C0076,GAS BILL,5636.34,25-02-2024,Debit,Others,gas bill
TXN494079,C0012,salary credit,64992.0,05-04-2025,Credit,Others,salary credit
TXN575459,C0248,spotify,26172.83,21-09-2024,DR,Others,spotify
TXN950053,C0270,LIC premium,939.06,19-08-2025,DR,Others,lic premium
TXN487547,C0005,DOMINOS#,30905.88,24-02-2024,DR,Others,dominos
TXN020006,C0150,AJIO txn,18023.75,20-04-2024,DR,Others,ajio txn
TXN508206,C0273,medplus,4998.19,19-11-2024,DR,Others,medplus
TXN041684,C0127,FLIPKART*,46318.97,23-01-2024,DR,Others,flipkart
TXN369008,C0182,stock purchase,938.24,01-12-2025,Debit,Others,stock purchase
TXN656191,C0132,SAL CR,61159.0,04-03-2024,Credit,Others,sal cr
TXN688843,C0071,apollo pharmacy,7602.37,06-02-2025,Debit,Others,apollo pharmacy
TXN252037,C0294,AJIO txn,34332.44,03-03-2025,DR,Others,ajio txn
TXN216801,C0071,fuel station,22469.48,14-05-2024,debit,Others,fuel station
TXN942296,C0269,LIC premium,15463.74,23-12-2025,Debit,Others,lic premium
TXN961662,C0081,fuel station,32818.46,01-08-2025,Debit,Others,fuel station
TXN762399,C0016,netflix,9223.08,29-05-2024,Debit,Others,netflix
TXN978584,C0141,movie ticket,46689.75,14-10-2025,DR,Others,movie ticket
TXN594588,C0119,OLA RIDE,30854.99,12-09-2025,DR,Others,ola ride
TXN526726,C0241,insurance premium 10517,38995.72,17-05-2024,DR,Others,insurance premium
TXN033796,C0210,spotify,8206.04,19-08-2024,Debit,Others,spotify
TXN069349,C0091,DOMINOS#,49412.41,28-07-2024,DR,Others,dominos
TXN637461,C0195,hotel booking,21389.23,12-02-2024,Debit,Others,hotel booking
TXN918326,C0020,movie ticket,26817.25,18-10-2025,DR,Others,movie ticket
TXN543900,C0276,mutual fund,43891.44,08-09-2024,Debit,Others,mutual fund
TXN305324,C0226,apollo pharmacy,48130.36,13-07-2024,DR,Others,apollo pharmacy
TXN963676,C0028,hospital fee,21134.66,19-09-2025,Debit,Others,hospital fee
TXN188504,C0300,SIP debit,36137.89,25-04-2024,Debit,Others,sip debit
TXN940172,C0104,SIP debit,8960.35,27-08-2025,Debit,Others,sip debit
TXN095621,C0059,makemytrip,39828.38,06-05-2024,DR,Others,makemytrip
TXN641805,C0082,FLIGHT BOOKING,39557.51,07-06-2025,DR,Others,flight booking
TXN904578,C0077,LAB TEST,28283.27,06-11-2025,debit,Others,lab test
TXN302809,C0093,OLA RIDE,15416.95,01-04-2025,debit,Others,ola ride
TXN569903,C0003,FLIPKART* 33275,22942.96,25-05-2025,Debit,Others,flipkart
TXN083263,C0004,policy payment,22697.85,28-03-2025,debit,Others,policy payment
TXN057739,C0179,mobile recharge,2464.96,31-05-2024,Debit,Others,mobile recharge
TXN051414,C0056,zomato payment,14936.11,30-03-2024,DR,Others,zomato payment
TXN600082,C0288,MEDPLUS,34581.85,01-09-2025,DR,Others,medplus
TXN338504,C0189,fuel station,4674.45,02-11-2024,Debit,Others,fuel station
TXN127951,C0141,apollo pharmacy,14655.78,17-05-2024,Debit,Others,apollo pharmacy
TXN599122,C0271,gaming purchase,30610.45,21-04-2024,Debit,Others,gaming purchase
TXN888981,C0163,AJIO txn,14373.62,15-09-2025,DR,Others,ajio txn
TXN764606,C0255,monthly salary,90063.0,16-06-2025,Credit,Others,monthly salary
TXN123950,C0013,goibibo,48963.3,02-01-2024,debit,Others,goibibo
TXN047703,C0171,makemytrip,49949.37,27-02-2025,DR,Others,makemytrip
TXN266777,C0035,gaming purchase,10075.33,15-10-2024,DR,Others,gaming purchase
TXN719151,C0171,monthly salary,25803.0,26-04-2024,Credit,Others,monthly salary
TXN346570,C0174,movie ticket,41605.5,17-07-2024,Debit,Others,movie ticket
TXN935391,C0275,hotel booking,7786.21,16-04-2025,debit,Others,hotel booking
TXN313885,C0290,movie ticket,2819.99,17-06-2025,DR,Others,movie ticket
TXN069430,C0077,gaming purchase,16599.33,28-12-2024,DR,Others,gaming purchase
TXN598718,C0200,salary credit,95028.0,18-06-2024,Credit,Others,salary credit
TXN744322,C0017,IRCTC BOOKING,35269.2,18-11-2024,debit,Railway,irctc booking
TXN869750,C0155,PAYROLL TRANSFER,73704.0,07-04-2025,Credit,Others,payroll transfer
TXN530574,C0013,mobile recharge 5001,45669.43,30-03-2025,Debit,Others,mobile recharge
TXN813206,C0168,GOIBIBO,43696.48,13-11-2024,DR,Others,goibibo
TXN759768,C0019,UBER TRIP,49636.16,29-07-2024,DR,Others,uber trip
TXN720427,C0045,hotel booking,15562.85,15-02-2024,Debit,Others,hotel booking
TXN795339,C0160,movie ticket 86474,15637.79,14-08-2025,DR,Others,movie ticket
TXN703725,C0061,gas bill,15971.11,27-03-2025,DR,Others,gas bill
TXN107349,C0106,SAL CR 81750,98351.0,10-06-2025,Credit,Others,sal cr
TXN256718,C0088,stock purchase,40204.06,10-08-2025,DR,Others,stock purchase
TXN493603,C0026,myntra order,2555.29,30-01-2024,debit,Others,myntra order
TXN660048,C0229,AJIO TXN,35239.79,29-08-2025,Debit,Others,ajio txn
TXN082362,C0239,policy payment,37924.96,30-06-2025,DR,Others,policy payment
TXN325470,C0239,INSURANCE PREMIUM,23424.43,11-04-2025,DR,Others,insurance premium
TXN192260,C0170,goibibo 80963,45644.82,05-02-2025,debit,Others,goibibo
TXN295969,C0179,movie ticket 14896,23943.03,23-06-2024,debit,Others,movie ticket
TXN074370,C0155,LIC PREMIUM 93721,16306.97,27-10-2025,Debit,Others,lic premium
TXN505807,C0197,investment txn,12199.68,11-06-2024,DR,Others,investment txn
TXN594765,C0176,myntra order,39220.01,21-03-2025,debit,Others,myntra order
TXN877395,C0250,SIP DEBIT,46544.55,10-08-2025,DR,Others,sip debit
TXN322999,C0208,mall purchase,41104.71,29-06-2024,Debit,Others,mall purchase
TXN692233,C0032,MALL PURCHASE,16383.86,22-10-2025,debit,Others,mall purchase
TXN692985,C0077,FLIPKART*,40495.77,30-05-2024,DR,Others,flipkart
TXN314296,C0292,flight booking,10298.97,20-11-2024,Debit,Others,flight booking
TXN008514,C0262,payroll transfer,36703.0,19-08-2025,Credit,Others,payroll transfer
TXN860623,C0184,medplus 72043,62.15,27-07-2025,Debit,Others,medplus
TXN333581,C0196,myntra order,29516.39,02-10-2025,DR,Others,myntra order
TXN582402,C0197,lab test,23754.07,11-07-2024,Debit,Others,lab test
TXN075232,C0009,MOVIE TICKET,6294.95,12-01-2024,DR,Others,movie ticket
TXN845092,C0213,fuel station,4251.48,19-10-2025,Debit,Others,fuel station
TXN403403,C0182,hotel booking,27611.46,05-04-2025,debit,Others,hotel booking
TXN282330,C0211,WATER-PAY 65394,11852.76,28-05-2025,DR,Others,water pay
TXN504924,C0041,STOCK PURCHASE 63442,18441.56,17-08-2025,DR,Others,stock purchase
TXN548780,C0046,IRCTC booking,23257.52,21-03-2024,debit,Railway,irctc booking
TXN565390,C0297,broadband recharge,3922.53,10-10-2025,DR,Others,broadband recharge
TXN476090,C0263,salary credit,26413.0,25-04-2025,Credit,Others,salary credit
TXN728814,C0156,flight booking,14474.64,06-02-2024,debit,Others,flight booking
TXN305926,C0014,POLICY PAYMENT,28651.54,03-11-2025,Debit,Others,policy payment
TXN138977,C0144,PAYROLL TRANSFER,61418.0,15-09-2024,Credit,Others,payroll transfer
TXN691175,C0229,MONTHLY SALARY 22986,102564.0,03-06-2024,Credit,Others,monthly salary
TXN903888,C0017,spotify,9056.84,24-06-2025,debit,Others,spotify
TXN807790,C0197,netflix,41883.96,26-02-2025,Debit,Others,netflix
TXN056965,C0136,broadband recharge,36723.37,19-12-2024,DR,Others,broadband recharge
TXN245012,C0195,AMAZON PAY,23823.79,29-06-2025,debit,Others,amazon pay
TXN400561,C0162,lab test,612.91,04-04-2025,debit,Others,lab test
TXN640141,C0140,MUTUAL FUND,47810.06,18-03-2025,debit,Others,mutual fund
TXN785479,C0124,hotstar 85866,19569.87,22-11-2025,DR,Others,hotstar
TXN705484,C0005,insurance premium,15677.23,11-01-2024,Debit,Others,insurance premium
TXN760481,C0146,amazon pay,22308.19,12-08-2024,DR,Others,amazon pay
TXN688501,C0112,SAL CR,32455.0,31-08-2025,Credit,Others,sal cr
TXN394221,C0290,LIC PREMIUM,42824.91,13-05-2024,Debit,Others,lic premium
TXN669810,C0233,UBER TRIP,33030.68,18-03-2024,debit,Others,uber trip
TXN169834,C0038,payroll transfer,67389.0,20-09-2024,Credit,Others,payroll transfer
TXN852284,C0136,salary credit,32872.0,21-09-2024,Credit,Others,salary credit
TXN676839,C0252,FUEL STATION,30522.89,01-07-2024,Debit,Others,fuel station
TXN750152,C0133,FLIPKART*,32174.04,28-03-2025,DR,Others,flipkart
TXN940062,C0255,AMAZON PAY,38866.31,20-01-2024,debit,Others,amazon pay
TXN948561,C0201,UBER TRIP,7597.34,03-12-2024,debit,Others,uber trip
TXN885050,C0036,insurance premium,23917.41,17-02-2025,debit,Others,insurance premium
TXN980463,C0184,SIP DEBIT,6077.76,02-07-2025,debit,Others,sip debit
TXN894795,C0175,hotstar,4551.54,01-07-2025,DR,Others,hotstar
TXN402825,C0098,AJIO txn,8847.38,10-02-2024,Debit,Others,ajio txn
TXN088985,C0225,payroll transfer,72089.0,13-05-2025,Credit,Others,payroll transfer
TXN831248,C0277,WATER-PAY 77818,24471.84,05-03-2024,Debit,Others,water pay
TXN038843,C0174,payroll transfer,83891.0,17-01-2024,Credit,Others,payroll transfer
TXN548531,C0235,DOMINOS# 15591,40359.04,14-11-2025,Debit,Others,dominos
TXN512644,C0010,SIP debit,1863.15,24-05-2024,Debit,Others,sip debit
TXN948608,C0158,makemytrip,8629.01,21-02-2024,Debit,Others,makemytrip
TXN119727,C0255,AJIO txn,40893.65,18-04-2024,Debit,Others,ajio txn
TXN421537,C0167,LIC premium,16880.41,25-11-2025,debit,Others,lic premium
TXN181874,C0172,mall purchase,38216.11,30-08-2025,Debit,Others,mall purchase
TXN173022,C0225,amazon pay,34820.86,20-07-2025,Debit,Others,amazon pay
TXN016390,C0250,MOBILE RECHARGE 82963,18819.03,10-06-2024,DR,Others,mobile recharge
TXN436441,C0244,AMAZON PAY,32594.75,17-10-2024,DR,Others,amazon pay
TXN640196,C0020,OLA RIDE,20613.33,27-06-2024,debit,Others,ola ride
TXN364751,C0215,insurance premium,31367.04,04-11-2024,Debit,Others,insurance premium
TXN532196,C0113,restaurant txn 69594,30953.67,06-07-2025,Debit,Others,restaurant txn
TXN521683,C0091,goibibo,34268.48,30-04-2025,Debit,Others,goibibo
TXN646782,C0233,UBER TRIP,21744.89,08-12-2024,Debit,Others,uber trip
TXN508624,C0264,SWIGGY ORD,7919.12,30-01-2024,Debit,Others,swiggy ord
TXN208406,C0167,amazon pay,28996.49,05-03-2025,DR,Others,amazon pay
TXN934665,C0113,electricity bill 96798,43496.92,19-01-2025,debit,Others,electricity bill
TXN477093,C0092,AJIO txn 57229,10823.93,16-09-2025,Debit,Others,ajio txn
TXN212034,C0172,HOSPITAL FEE,17942.34,03-10-2024,DR,Others,hospital fee
TXN438540,C0088,UBER TRIP 17991,42585.54,14-04-2025,Debit,Others,uber trip
TXN606205,C0284,spotify,47638.95,23-06-2024,DR,Others,spotify
TXN292732,C0008,electricity bill,29587.21,18-04-2025,Debit,Others,electricity bill
TXN992218,C0077,medplus,44593.29,28-08-2025,Debit,Others,medplus
TXN446377,C0272,insurance premium 61789,38434.95,04-02-2024,DR,Others,insurance premium
TXN087128,C0286,lab test,22633.02,03-09-2024,Debit,Others,lab test
TXN016704,C0246,hotel bill 38869,32389.06,02-04-2024,Debit,Others,hotel bill
TXN476936,C0238,SAL CR,101501.0,25-01-2024,Credit,Others,sal cr
TXN001430,C0037,FUEL STATION,23225.5,10-10-2025,DR,Others,fuel station
TXN568785,C0295,hospital fee,34908.79,19-09-2025,debit,Others,hospital fee
TXN381672,C0027,electricity bill,25746.53,21-11-2025,Debit,Others,electricity bill
TXN585935,C0035,AJIO txn,18334.32,25-10-2025,debit,Others,ajio txn
TXN773200,C0298,SIP DEBIT,5695.61,04-05-2025,DR,Others,sip debit
TXN057106,C0033,WATER-PAY,34017.73,10-10-2024,DR,Others,water pay
TXN711258,C0273,hotstar,23518.79,28-06-2025,Debit,Others,hotstar
TXN197504,C0235,payroll transfer,115862.0,08-03-2024,Credit,Others,payroll transfer
TXN117467,C0076,amazon pay,5486.06,09-10-2024,Debit,Others,amazon pay
TXN715552,C0278,goibibo,1154.06,02-03-2025,DR,Others,goibibo
TXN066008,C0012,fuel station,1093.69,12-07-2024,DR,Others,fuel station
TXN509764,C0272,mobile recharge,32794.91,30-11-2024,debit,Others,mobile recharge
TXN237799,C0248,investment txn,8603.42,23-09-2024,debit,Others,investment txn
TXN648681,C0083,hotstar 46384,22807.21,19-06-2024,debit,Others,hotstar
TXN833049,C0079,STOCK PURCHASE,34649.11,13-11-2025,DR,Others,stock purchase
TXN387630,C0095,OLA RIDE,6341.15,23-09-2024,DR,Others,ola ride
TXN566092,C0084,mobile recharge,7414.25,04-04-2025,debit,Others,mobile recharge
TXN163634,C0003,STOCK PURCHASE 65559,47390.5,23-11-2024,Debit,Others,stock purchase
TXN699283,C0076,stock purchase,48480.89,10-08-2025,debit,Others,stock purchase
TXN943902,C0021,LIC premium,5633.53,05-05-2025,DR,Others,lic premium
TXN342221,C0029,IRCTC BOOKING 81039,22309.72,04-04-2024,Debit,Railway,irctc booking
TXN564567,C0229,LIC PREMIUM,9801.87,26-03-2024,debit,Others,lic premium
TXN952576,C0185,mall purchase,30261.79,27-02-2024,DR,Others,mall purchase
TXN361676,C0180,medplus,18654.1,18-10-2024,debit,Others,medplus
TXN842726,C0227,payroll transfer 95501,83224.0,01-03-2025,Credit,Others,payroll transfer
TXN146348,C0045,SAL CR,80552.0,28-02-2025,Credit,Others,sal cr
TXN978482,C0193,ola ride,49332.18,08-03-2024,DR,Others,ola ride
TXN744748,C0291,amazon pay,8761.15,18-04-2025,debit,Others,amazon pay
TXN875127,C0300,OLA RIDE,24539.47,05-11-2024,DR,Others,ola ride
TXN161506,C0135,payroll transfer,28517.0,03-01-2024,Credit,Others,payroll transfer
TXN188086,C0252,PAYROLL TRANSFER,62707.0,03-03-2025,Credit,Others,payroll transfer
TXN609292,C0247,ELECTRICITY BILL,29952.59,05-01-2025,Debit,Others,electricity bill
TXN391331,C0263,policy payment,48713.45,02-05-2024,debit,Others,policy payment
TXN920983,C0070,insurance premium,7323.93,17-04-2025,Debit,Others,insurance premium
TXN051082,C0149,SPOTIFY,45606.99,30-12-2024,DR,Others,spotify
TXN627848,C0086,salary credit,49018.0,06-04-2024,Credit,Others,salary credit
TXN718740,C0186,stock purchase,39997.86,04-10-2024,DR,Others,stock purchase
TXN391134,C0249,mall purchase,6864.73,15-10-2024,Debit,Others,mall purchase
TXN871969,C0097,hospital fee,7744.65,14-08-2024,Debit,Others,hospital fee
TXN502812,C0179,mutual fund,40945.86,18-01-2024,Debit,Others,mutual fund
TXN800682,C0176,MONTHLY SALARY,103335.0,19-06-2025,Credit,Others,monthly salary
TXN149275,C0117,RAPIDO,6453.15,11-12-2025,Debit,Others,rapido
TXN800089,C0058,SAL CR,80680.0,08-12-2025,Credit,Others,sal cr
TXN831579,C0263,amazon pay,9833.62,03-02-2024,Debit,Others,amazon pay
TXN010772,C0050,insurance premium,3331.04,14-11-2025,Debit,Others,insurance premium
TXN095190,C0075,mall purchase,33536.62,30-01-2024,Debit,Others,mall purchase
TXN529436,C0292,monthly salary,105341.0,04-09-2024,Credit,Others,monthly salary
TXN295549,C0088,amazon pay,10865.56,15-07-2024,DR,Others,amazon pay
TXN384265,C0095,mutual fund 28151,42567.81,01-05-2025,DR,Others,mutual fund
TXN238608,C0209,MAKEMYTRIP,21216.11,10-06-2025,debit,Others,makemytrip
TXN302275,C0286,MYNTRA ORDER 17914,38118.44,22-12-2025,debit,Others,myntra order
TXN720421,C0228,SWIGGY ORD 37273,30027.47,15-11-2024,debit,Others,swiggy ord
TXN938219,C0244,mobile recharge,9455.47,12-03-2024,debit,Others,mobile recharge
TXN548052,C0044,SPOTIFY,5276.49,24-03-2025,DR,Others,spotify
TXN067854,C0187,FLIPKART*,37076.78,21-06-2024,Debit,Others,flipkart
TXN760428,C0256,gas bill,6155.65,10-03-2025,debit,Others,gas bill
TXN498941,C0208,monthly salary,77459.0,30-12-2024,Credit,Others,monthly salary
TXN242035,C0069,FLIGHT BOOKING,12549.48,24-05-2025,Debit,Others,flight booking
TXN401220,C0168,SWIGGY ORD,33911.81,02-07-2024,debit,Others,swiggy ord
TXN831240,C0239,RAPIDO 10129,37585.46,19-05-2025,DR,Others,rapido
TXN573173,C0010,gas bill,27131.06,07-07-2025,debit,Others,gas bill
TXN481985,C0019,hotel bill 59097,42646.66,29-03-2025,debit,Others,hotel bill
TXN515354,C0221,zomato payment,44237.32,17-06-2024,debit,Others,zomato payment
TXN692143,C0284,RAPIDO,28451.38,17-05-2025,Debit,Others,rapido
TXN518722,C0194,investment txn,2805.74,26-09-2024,DR,Others,investment txn
TXN047311,C0066,LIC premium,3089.97,27-08-2025,debit,Others,lic premium
TXN448946,C0177,hotstar,17076.0,09-04-2024,DR,Others,hotstar
TXN621315,C0044,movie ticket,11746.41,15-11-2024,Debit,Others,movie ticket
TXN689720,C0217,MYNTRA ORDER,16319.32,16-04-2025,DR,Others,myntra order
TXN331890,C0194,LIC premium,23495.6,23-01-2024,DR,Others,lic premium
TXN352288,C0255,policy payment 64110,34549.38,29-07-2024,Debit,Others,policy payment
TXN888495,C0039,STOCK PURCHASE,10103.9,12-10-2025,debit,Others,stock purchase
TXN778975,C0048,SIP debit 75272,40234.06,01-10-2025,debit,Others,sip debit
TXN447853,C0108,insurance premium,40063.26,01-05-2025,DR,Others,insurance premium
TXN328575,C0103,netflix,21656.87,06-07-2025,debit,Others,netflix
TXN923688,C0010,lab test,38176.84,03-07-2024,DR,Others,lab test
TXN982687,C0273,SIP debit,46906.39,01-10-2024,DR,Others,sip debit
TXN484953,C0076,policy payment,26123.03,08-01-2025,Debit,Others,policy payment
TXN664722,C0105,WATER-PAY,20524.81,06-03-2024,debit,Others,water pay
TXN425582,C0123,hospital fee,34349.01,29-08-2024,debit,Others,hospital fee
TXN457319,C0217,FLIPKART*,23218.7,27-07-2025,debit,Others,flipkart
TXN675592,C0022,ZOMATO PAYMENT 33968,32940.36,29-06-2024,debit,Others,zomato payment
TXN944322,C0209,MAKEMYTRIP,30087.96,06-03-2024,debit,Others,makemytrip
TXN770159,C0257,netflix,11817.34,07-08-2025,Debit,Others,netflix
TXN249642,C0063,mall purchase,12605.37,02-04-2024,DR,Others,mall purchase
TXN228599,C0074,hotstar,37203.07,09-03-2025,DR,Others,hotstar
TXN058643,C0252,FLIPKART*,12730.21,26-08-2025,debit,Others,flipkart
TXN291225,C0075,stock purchase 71631,23753.21,09-09-2024,debit,Others,stock purchase
TXN036501,C0028,movie ticket,32276.97,12-09-2025,Debit,Others,movie ticket
TXN127983,C0274,gas bill,18155.5,02-12-2025,DR,Others,gas bill
TXN315505,C0047,broadband recharge,46376.82,18-09-2024,debit,Others,broadband recharge
TXN426025,C0018,gas bill,31575.01,21-10-2025,debit,Others,gas bill
TXN971503,C0171,salary credit,86746.0,26-02-2025,Credit,Others,salary credit
TXN631365,C0281,apollo pharmacy,3337.03,06-03-2025,DR,Others,apollo pharmacy
TXN464944,C0070,movie ticket,32086.79,07-10-2025,DR,Others,movie ticket
TXN261729,C0265,hotel bill,4129.96,10-06-2024,DR,Others,hotel bill
TXN273343,C0089,IRCTC booking,22585.47,16-05-2024,debit,Railway,irctc booking
TXN918962,C0194,policy payment,18392.63,06-02-2025,debit,Others,policy payment
TXN950896,C0046,INSURANCE PREMIUM 73307,30607.92,22-08-2024,DR,Others,insurance premium
TXN629558,C0134,goibibo,20063.72,15-03-2025,Debit,Others,goibibo
TXN456298,C0233,UBER TRIP,5885.18,22-06-2025,DR,Others,uber trip
TXN400634,C0067,makemytrip,14412.34,21-05-2025,debit,Others,makemytrip
TXN438652,C0093,medplus,36340.87,12-07-2024,debit,Others,medplus
TXN387594,C0299,MEDPLUS,30891.66,11-09-2024,Debit,Others,medplus
TXN747987,C0197,MAKEMYTRIP 42468,19889.78,05-08-2024,DR,Others,makemytrip
TXN493809,C0182,HOSPITAL FEE,16656.47,28-08-2024,Debit,Others,hospital fee
TXN265979,C0259,LIC premium,40496.45,06-01-2024,DR,Others,lic premium
TXN043123,C0298,policy payment,6629.27,26-07-2025,debit,Others,policy payment
TXN094003,C0163,RAPIDO,43897.28,15-05-2024,debit,Others,rapido
TXN784150,C0185,INVESTMENT TXN 5888,24970.55,14-10-2024,Debit,Others,investment txn
TXN936035,C0085,hospital fee,25858.29,22-03-2025,debit,Others,hospital fee
TXN055808,C0097,movie ticket,31839.88,26-03-2025,DR,Others,movie ticket
TXN121661,C0254,UBER TRIP 34208,35304.02,22-03-2025,Debit,Others,uber trip
TXN886926,C0076,hotel bill,22898.83,25-04-2024,debit,Others,hotel bill
TXN862530,C0140,MYNTRA ORDER,41750.98,04-06-2025,Debit,Others,myntra order
TXN189341,C0214,LIC premium,26310.25,07-08-2025,Debit,Others,lic premium
TXN713703,C0063,FLIPKART*,1317.59,28-11-2025,debit,Others,flipkart
TXN482590,C0246,hospital fee,7705.7,24-03-2024,debit,Others,hospital fee
TXN340699,C0292,flight booking 5847,31125.8,08-04-2025,DR,Others,flight booking
TXN779931,C0037,ola ride,16172.08,26-02-2024,debit,Others,ola ride
TXN093521,C0011,INVESTMENT TXN,48253.16,12-02-2025,Debit,Others,investment txn
TXN161622,C0062,WATER-PAY,37632.88,31-10-2025,DR,Others,water pay
TXN632830,C0068,payroll transfer,65645.0,02-12-2025,Credit,Others,payroll transfer
TXN499584,C0138,netflix,22283.21,01-02-2025,debit,Others,netflix
TXN661323,C0219,LIC premium,30701.11,20-03-2025,debit,Others,lic premium
TXN748302,C0080,amazon pay,11227.03,03-12-2025,DR,Others,amazon pay
TXN717556,C0154,makemytrip,15033.65,10-05-2024,debit,Others,makemytrip
TXN538355,C0056,mobile recharge,3845.1,16-02-2024,DR,Others,mobile recharge
TXN372725,C0131,investment txn,28432.54,16-09-2024,DR,Others,investment txn
TXN883856,C0202,insurance premium 97160,23154.69,05-07-2024,DR,Others,insurance premium
TXN794144,C0231,SWIGGY ORD,29368.68,10-04-2025,debit,Others,swiggy ord
TXN783318,C0133,policy payment,10569.2,21-03-2024,Debit,Others,policy payment
TXN482516,C0208,AJIO txn 15393,8603.33,03-05-2025,Debit,Others,ajio txn
TXN723826,C0203,LIC premium,18049.22,20-11-2025,DR,Others,lic premium
TXN197365,C0014,SALARY CREDIT 14768,27082.0,13-12-2025,Credit,Others,salary credit
TXN200189,C0045,broadband recharge,42107.64,05-07-2025,debit,Others,broadband recharge
TXN946252,C0079,PAYROLL TRANSFER,40264.0,19-06-2024,Credit,Others,payroll transfer
TXN597092,C0201,hotel booking,12146.63,28-10-2024,DR,Others,hotel booking
TXN889839,C0254,DOMINOS#,21600.76,01-03-2025,DR,Others,dominos
TXN538293,C0250,LIC premium,24385.08,12-05-2025,Debit,Others,lic premium
TXN936250,C0214,electricity bill,27671.72,01-10-2024,debit,Others,electricity bill
TXN021818,C0083,makemytrip,22427.3,22-03-2025,debit,Others,makemytrip
TXN616205,C0174,SAL CR,91536.0,12-08-2024,Credit,Others,sal cr
TXN873549,C0185,LIC premium 38555,35575.03,02-03-2025,DR,Others,lic premium
TXN135368,C0089,goibibo,4327.87,09-05-2025,DR,Others,goibibo
TXN583880,C0025,WATER-PAY 54623,15196.52,02-08-2024,debit,Others,water pay
TXN033523,C0033,DOMINOS#,8752.25,30-05-2025,Debit,Others,dominos
TXN356856,C0182,MOVIE TICKET,11220.3,21-09-2024,DR,Others,movie ticket
TXN702007,C0054,restaurant txn,43687.31,10-09-2025,DR,Others,restaurant txn
TXN639271,C0053,hotel bill,48733.49,17-09-2025,Debit,Others,hotel bill
TXN164661,C0150,mutual fund,43546.06,05-01-2025,Debit,Others,mutual fund
TXN128958,C0104,hotel booking 84915,16743.68,21-05-2024,debit,Others,hotel booking
TXN089375,C0137,hotel booking 62184,14352.18,24-06-2024,debit,Others,hotel booking
TXN442208,C0117,movie ticket,37665.25,26-06-2025,Debit,Others,movie ticket
TXN833207,C0186,fuel station,47592.99,12-06-2025,debit,Others,fuel station
TXN421162,C0085,HOTEL BILL 67909,4257.22,18-11-2024,Debit,Others,hotel bill
TXN662289,C0267,apollo pharmacy 84178,45127.51,29-02-2024,Debit,Others,apollo pharmacy
TXN756602,C0161,payroll transfer,97562.0,07-11-2024,Credit,Others,payroll transfer
TXN423560,C0229,netflix,46024.12,18-12-2025,DR,Others,netflix
TXN424155,C0102,mobile recharge,34879.6,26-10-2025,debit,Others,mobile recharge
TXN545753,C0277,SALARY CREDIT,119225.0,09-05-2024,Credit,Others,salary credit
TXN793821,C0082,SAL CR,93332.0,14-12-2024,Credit,Others,sal cr
TXN761801,C0217,SWIGGY ORD,12082.16,07-11-2024,debit,Others,swiggy ord
TXN129828,C0025,mutual fund,31356.94,28-12-2024,debit,Others,mutual fund
TXN844511,C0298,AJIO txn,16962.24,29-08-2024,debit,Others,ajio txn
TXN367356,C0154,LIC premium,42227.9,27-08-2024,DR,Others,lic premium
TXN343773,C0265,SAL CR,57457.0,17-04-2024,Credit,Others,sal cr
TXN868680,C0211,insurance premium,7344.73,11-03-2025,Debit,Others,insurance premium
TXN387234,C0270,AMAZON PAY,10754.92,20-03-2024,debit,Others,amazon pay
TXN722488,C0251,lab test,21182.64,26-03-2025,DR,Others,lab test
TXN538114,C0271,MEDPLUS 93311,6486.67,22-12-2025,debit,Others,medplus
TXN630824,C0210,FLIPKART* 20657,18479.22,01-05-2024,DR,Others,flipkart
TXN319737,C0192,amazon pay,7682.16,15-01-2025,DR,Others,amazon pay
TXN442245,C0025,monthly salary,43630.0,26-08-2025,Credit,Others,monthly salary
TXN128271,C0281,monthly salary,89067.0,03-01-2024,Credit,Others,monthly salary
TXN944020,C0173,netflix,15498.9,08-04-2025,DR,Others,netflix
TXN667377,C0236,lab test,38102.32,31-05-2025,Debit,Others,lab test
TXN653881,C0210,HOTEL BOOKING,39994.58,11-11-2025,Debit,Others,hotel booking
TXN771661,C0143,medplus,47904.81,29-03-2025,Debit,Others,medplus
TXN129795,C0287,FLIPKART*,15456.23,22-10-2025,DR,Others,flipkart
TXN198596,C0244,FLIPKART*,47865.49,18-06-2025,Debit,Others,flipkart
TXN824975,C0106,MUTUAL FUND,48119.59,08-10-2024,Debit,Others,mutual fund
TXN047169,C0252,mobile recharge,16035.15,26-08-2025,DR,Others,mobile recharge
TXN095447,C0059,DOMINOS#,15882.77,20-09-2024,DR,Others,dominos
TXN711573,C0087,MALL PURCHASE 33596,7728.28,21-02-2025,Debit,Others,mall purchase
TXN103541,C0164,restaurant txn,2943.92,03-02-2025,DR,Others,restaurant txn
TXN788670,C0122,fuel station,2612.87,02-09-2024,Debit,Others,fuel station
TXN068638,C0248,hotel booking,23251.88,20-02-2025,debit,Others,hotel booking
TXN707891,C0052,hotel bill,13472.6,23-08-2025,Debit,Others,hotel bill
TXN524742,C0105,mobile recharge 74581,22310.19,13-10-2025,debit,Others,mobile recharge
TXN955770,C0285,RAPIDO,26886.03,09-03-2025,Debit,Others,rapido
TXN000570,C0031,MAKEMYTRIP,14476.69,20-06-2024,DR,Others,makemytrip
TXN223089,C0300,flight booking,49962.11,09-10-2025,debit,Others,flight booking
TXN414508,C0063,STOCK PURCHASE,3515.36,01-04-2024,DR,Others,stock purchase
TXN926870,C0176,IRCTC booking,30530.06,21-11-2024,Debit,Railway,irctc booking
TXN220856,C0236,payroll transfer,67157.0,15-12-2024,Credit,Others,payroll transfer
TXN499677,C0003,POLICY PAYMENT,46114.44,15-09-2025,DR,Others,policy payment
TXN564272,C0042,zomato payment,24459.06,06-02-2025,DR,Others,zomato payment
TXN370142,C0193,MALL PURCHASE,22269.93,06-05-2024,DR,Others,mall purchase
TXN485169,C0190,policy payment,49190.1,07-05-2024,DR,Others,policy payment
TXN375203,C0099,BROADBAND RECHARGE,34034.11,27-12-2025,debit,Others,broadband recharge
TXN380633,C0019,mall purchase,11728.21,20-05-2025,Debit,Others,mall purchase
TXN205612,C0203,payroll transfer,52405.0,08-01-2024,Credit,Others,payroll transfer
TXN704828,C0290,myntra order,9704.64,02-08-2025,DR,Others,myntra order
TXN897035,C0117,UBER TRIP,12996.03,06-08-2025,Debit,Others,uber trip
TXN265207,C0287,STOCK PURCHASE,33893.17,21-09-2025,DR,Others,stock purchase
TXN453560,C0209,makemytrip,2612.1,26-11-2024,DR,Others,makemytrip
TXN795892,C0023,salary credit,72378.0,13-06-2025,Credit,Others,salary credit
TXN204062,C0172,electricity bill,15825.77,05-02-2025,debit,Others,electricity bill
TXN078057,C0128,mall purchase,48905.22,09-03-2025,Debit,Others,mall purchase
TXN847312,C0013,WATER-PAY 82058,1413.08,18-03-2025,Debit,Others,water pay
TXN357357,C0028,LIC premium,5409.88,01-09-2024,Debit,Others,lic premium
TXN655726,C0229,gaming purchase,30985.94,07-04-2024,DR,Others,gaming purchase
TXN068188,C0066,INSURANCE PREMIUM 4470,15677.71,11-12-2025,debit,Others,insurance premium
TXN058501,C0287,HOTEL BILL,3308.2,24-11-2025,debit,Others,hotel bill
TXN906581,C0006,DOMINOS#,37603.13,26-08-2024,DR,Others,dominos
TXN682541,C0014,hotel booking,30969.14,13-12-2024,DR,Others,hotel booking
TXN827764,C0100,flight booking 1710,35670.7,30-08-2025,DR,Others,flight booking
TXN466223,C0096,insurance premium,24080.34,27-09-2025,debit,Others,insurance premium
TXN791019,C0184,WATER-PAY 40950,21803.69,29-10-2025,DR,Others,water pay
TXN386747,C0005,SAL CR,69944.0,25-10-2024,Credit,Others,sal cr
TXN360518,C0101,SIP DEBIT,42937.94,08-03-2025,DR,Others,sip debit
TXN490107,C0170,WATER-PAY,23796.74,09-12-2025,DR,Others,water pay
TXN476371,C0022,LIC premium,16444.38,17-04-2024,debit,Others,lic premium
TXN223492,C0123,goibibo,11529.1,30-09-2025,DR,Others,goibibo
TXN380442,C0006,flight booking,9228.54,07-01-2024,debit,Others,flight booking
TXN957045,C0185,MYNTRA ORDER 38186,9736.28,22-08-2025,debit,Others,myntra order
TXN356325,C0284,SWIGGY ORD,44271.4,27-06-2024,Debit,Others,swiggy ord
TXN871835,C0071,WATER-PAY,45534.23,22-01-2024,debit,Others,water pay
TXN693014,C0088,apollo pharmacy,12022.69,16-01-2025,debit,Others,apollo pharmacy
